{"Ernesto906#7529": {"balance": 2429927.1725687417, "cryptoHeld": {"dogecoin": {"54.827431258000004": 266.23400000000004}, "bitcoin": {"54342.0": 1.0}}}}